max_depth,eval_metric
2,0.32035968
3,0.31967178
4,0.31946418
5,0.3192255
6,0.31926444
7,0.31934437
8,0.31947994
9,0.31968224
